{
  "standings": {
    "DEN": {
      "avg_wins": 49.55,
      "avg_losses": 32.428,
      "avg_win_pct": 0.6044329190118825,
      "win_range": [
        46,
        53
      ],
      "conf": "West"
    },
    "DET": {
      "avg_wins": 62.322,
      "avg_losses": 19.546,
      "avg_win_pct": 0.7612445549183032,
      "win_range": [
        59,
        66
      ],
      "conf": "East"
    },
    "CLE": {
      "avg_wins": 49.943,
      "avg_losses": 32.041,
      "avg_win_pct": 0.6091787836147592,
      "win_range": [
        46,
        53
      ],
      "conf": "East"
    },
    "ATL": {
      "avg_wins": 40.948,
      "avg_losses": 41.032,
      "avg_win_pct": 0.49948435617655773,
      "win_range": [
        37,
        44
      ],
      "conf": "East"
    },
    "NOP": {
      "avg_wins": 25.322,
      "avg_losses": 56.67,
      "avg_win_pct": 0.3088360459662289,
      "win_range": [
        22,
        29
      ],
      "conf": "West"
    },
    "CHI": {
      "avg_wins": 33.616,
      "avg_losses": 48.322,
      "avg_win_pct": 0.4102611601022866,
      "win_range": [
        30,
        37
      ],
      "conf": "East"
    },
    "SAS": {
      "avg_wins": 58.644,
      "avg_losses": 23.312,
      "avg_win_pct": 0.715556758335802,
      "win_range": [
        55,
        62
      ],
      "conf": "West"
    },
    "POR": {
      "avg_wins": 38.352,
      "avg_losses": 43.628,
      "avg_win_pct": 0.4678227708107041,
      "win_range": [
        35,
        42
      ],
      "conf": "West"
    },
    "NYK": {
      "avg_wins": 52.192,
      "avg_losses": 29.766,
      "avg_win_pct": 0.636808157647872,
      "win_range": [
        48,
        56
      ],
      "conf": "East"
    },
    "UTA": {
      "avg_wins": 24.861,
      "avg_losses": 57.079,
      "avg_win_pct": 0.3034047422731312,
      "win_range": [
        21,
        28
      ],
      "conf": "West"
    },
    "HOU": {
      "avg_wins": 51.183,
      "avg_losses": 30.701,
      "avg_win_pct": 0.6250713229485533,
      "win_range": [
        47,
        55
      ],
      "conf": "West"
    },
    "PHI": {
      "avg_wins": 44.828,
      "avg_losses": 37.1,
      "avg_win_pct": 0.5471569452636205,
      "win_range": [
        41,
        49
      ],
      "conf": "East"
    },
    "IND": {
      "avg_wins": 20.525,
      "avg_losses": 61.445,
      "avg_win_pct": 0.2503982032355749,
      "win_range": [
        17,
        24
      ],
      "conf": "East"
    },
    "MIN": {
      "avg_wins": 50.916,
      "avg_losses": 31.028,
      "avg_win_pct": 0.6213379098845562,
      "win_range": [
        47,
        55
      ],
      "conf": "West"
    },
    "MEM": {
      "avg_wins": 31.933,
      "avg_losses": 49.901,
      "avg_win_pct": 0.3902111655558704,
      "win_range": [
        28,
        36
      ],
      "conf": "West"
    },
    "DAL": {
      "avg_wins": 28.955,
      "avg_losses": 52.993,
      "avg_win_pct": 0.35333693591389354,
      "win_range": [
        25,
        33
      ],
      "conf": "West"
    },
    "ORL": {
      "avg_wins": 42.967,
      "avg_losses": 38.923,
      "avg_win_pct": 0.5246954379381851,
      "win_range": [
        39,
        47
      ],
      "conf": "East"
    },
    "BOS": {
      "avg_wins": 54.41,
      "avg_losses": 27.534,
      "avg_win_pct": 0.6639833312761266,
      "win_range": [
        50,
        58
      ],
      "conf": "East"
    },
    "OKC": {
      "avg_wins": 61.913,
      "avg_losses": 20.077,
      "avg_win_pct": 0.7551271419637273,
      "win_range": [
        59,
        65
      ],
      "conf": "West"
    },
    "SAC": {
      "avg_wins": 18.907,
      "avg_losses": 63.059,
      "avg_win_pct": 0.23067056383924167,
      "win_range": [
        16,
        22
      ],
      "conf": "West"
    },
    "BKN": {
      "avg_wins": 20.789,
      "avg_losses": 61.151,
      "avg_win_pct": 0.2537118863407695,
      "win_range": [
        18,
        24
      ],
      "conf": "East"
    },
    "LAL": {
      "avg_wins": 48.975,
      "avg_losses": 32.967,
      "avg_win_pct": 0.5976748913794806,
      "win_range": [
        45,
        53
      ],
      "conf": "West"
    },
    "CHA": {
      "avg_wins": 40.284,
      "avg_losses": 41.666,
      "avg_win_pct": 0.4915652636516244,
      "win_range": [
        36,
        44
      ],
      "conf": "East"
    },
    "WAS": {
      "avg_wins": 22.527,
      "avg_losses": 59.317,
      "avg_win_pct": 0.2752468891474668,
      "win_range": [
        19,
        26
      ],
      "conf": "East"
    },
    "MIL": {
      "avg_wins": 36.083,
      "avg_losses": 45.785,
      "avg_win_pct": 0.4407382543314026,
      "win_range": [
        32,
        40
      ],
      "conf": "East"
    },
    "MIA": {
      "avg_wins": 42.939,
      "avg_losses": 38.993,
      "avg_win_pct": 0.5240782077340006,
      "win_range": [
        39,
        46
      ],
      "conf": "East"
    },
    "PHX": {
      "avg_wins": 46.35,
      "avg_losses": 35.59,
      "avg_win_pct": 0.5656520614435409,
      "win_range": [
        42,
        50
      ],
      "conf": "West"
    },
    "GSW": {
      "avg_wins": 42.392,
      "avg_losses": 39.546,
      "avg_win_pct": 0.5173714011224121,
      "win_range": [
        38,
        46
      ],
      "conf": "West"
    },
    "TOR": {
      "avg_wins": 47.691,
      "avg_losses": 34.253,
      "avg_win_pct": 0.5819995239623448,
      "win_range": [
        44,
        51
      ],
      "conf": "East"
    },
    "LAC": {
      "avg_wins": 38.717,
      "avg_losses": 43.181,
      "avg_win_pct": 0.4727464488607301,
      "win_range": [
        35,
        43
      ],
      "conf": "West"
    }
  },
  "playoff_probs": {
    "DEN": 1.0,
    "DET": 1.0,
    "CLE": 1.0,
    "ATL": 0.957,
    "NOP": 0.0,
    "CHI": 0.012,
    "SAS": 1.0,
    "POR": 0.98,
    "NYK": 1.0,
    "UTA": 0.0,
    "HOU": 1.0,
    "PHI": 1.0,
    "IND": 0.0,
    "MIN": 1.0,
    "MEM": 0.038,
    "DAL": 0.001,
    "ORL": 0.991,
    "BOS": 1.0,
    "OKC": 1.0,
    "SAC": 0.0,
    "BKN": 0.0,
    "LAL": 1.0,
    "CHA": 0.918,
    "WAS": 0.0,
    "MIL": 0.128,
    "MIA": 0.994,
    "PHX": 1.0,
    "GSW": 0.999,
    "TOR": 1.0,
    "LAC": 0.982
  },
  "championship_probs": {
    "DEN": 0.012,
    "DET": 0.399,
    "CLE": 0.016,
    "ATL": 0.0,
    "NOP": 0.0,
    "CHI": 0.0,
    "SAS": 0.122,
    "POR": 0.0,
    "NYK": 0.034,
    "UTA": 0.0,
    "HOU": 0.015,
    "PHI": 0.004,
    "IND": 0.0,
    "MIN": 0.021,
    "MEM": 0.0,
    "DAL": 0.0,
    "ORL": 0.004,
    "BOS": 0.063,
    "OKC": 0.293,
    "SAC": 0.0,
    "BKN": 0.0,
    "LAL": 0.007,
    "CHA": 0.0,
    "WAS": 0.0,
    "MIL": 0.0,
    "MIA": 0.0,
    "PHX": 0.001,
    "GSW": 0.0,
    "TOR": 0.009,
    "LAC": 0.0
  },
  "seed_distributions": {
    "DEN": {
      "2": 0.001,
      "3": 0.124,
      "4": 0.222,
      "5": 0.322,
      "6": 0.245,
      "7": 0.085,
      "8": 0.001
    },
    "DET": {
      "1": 0.995,
      "2": 0.005
    },
    "CLE": {
      "2": 0.034,
      "3": 0.194,
      "4": 0.55,
      "5": 0.18,
      "6": 0.035,
      "7": 0.005,
      "8": 0.002
    },
    "ATL": {
      "5": 0.003,
      "6": 0.03,
      "7": 0.085,
      "8": 0.203,
      "9": 0.377,
      "10": 0.259,
      "11": 0.042,
      "12": 0.001
    },
    "NOP": {
      "11": 0.008,
      "12": 0.095,
      "13": 0.519,
      "14": 0.371,
      "15": 0.007
    },
    "CHI": {
      "8": 0.002,
      "9": 0.001,
      "10": 0.009,
      "11": 0.173,
      "12": 0.815
    },
    "SAS": {
      "1": 0.101,
      "2": 0.889,
      "3": 0.01
    },
    "POR": {
      "6": 0.001,
      "7": 0.001,
      "8": 0.073,
      "9": 0.458,
      "10": 0.447,
      "11": 0.02
    },
    "NYK": {
      "2": 0.204,
      "3": 0.571,
      "4": 0.185,
      "5": 0.036,
      "6": 0.003,
      "7": 0.001
    },
    "UTA": {
      "11": 0.003,
      "12": 0.049,
      "13": 0.339,
      "14": 0.595,
      "15": 0.014
    },
    "HOU": {
      "2": 0.007,
      "3": 0.392,