{
  "standings": {
    "GSW": {
      "avg_wins": 42.33,
      "avg_losses": 39.618,
      "avg_win_pct": 0.5165461966360555,
      "win_range": [
        39,
        46
      ],
      "conf": "West"
    },
    "TOR": {
      "avg_wins": 47.718,
      "avg_losses": 34.216,
      "avg_win_pct": 0.5823981037668456,
      "win_range": [
        44,
        51
      ],
      "conf": "East"
    },
    "DAL": {
      "avg_wins": 28.66,
      "avg_losses": 53.29,
      "avg_win_pct": 0.34972107008844805,
      "win_range": [
        25,
        32
      ],
      "conf": "West"
    },
    "CHI": {
      "avg_wins": 33.707,
      "avg_losses": 48.245,
      "avg_win_pct": 0.4112969915407657,
      "win_range": [
        30,
        37
      ],
      "conf": "East"
    },
    "LAL": {
      "avg_wins": 49.04,
      "avg_losses": 32.878,
      "avg_win_pct": 0.5986586191182788,
      "win_range": [
        45,
        53
      ],
      "conf": "West"
    },
    "ATL": {
      "avg_wins": 40.899,
      "avg_losses": 41.069,
      "avg_win_pct": 0.4989610225140713,
      "win_range": [
        37,
        45
      ],
      "conf": "East"
    },
    "MIL": {
      "avg_wins": 36.06,
      "avg_losses": 45.828,
      "avg_win_pct": 0.440362381504888,
      "win_range": [
        32,
        40
      ],
      "conf": "East"
    },
    "DEN": {
      "avg_wins": 49.578,
      "avg_losses": 32.384,
      "avg_win_pct": 0.6048928063258775,
      "win_range": [
        46,
        53
      ],
      "conf": "West"
    },
    "SAC": {
      "avg_wins": 18.752,
      "avg_losses": 63.224,
      "avg_win_pct": 0.2287492651657286,
      "win_range": [
        16,
        22
      ],
      "conf": "West"
    },
    "NYK": {
      "avg_wins": 52.235,
      "avg_losses": 29.733,
      "avg_win_pct": 0.637262437460913,
      "win_range": [
        49,
        56
      ],
      "conf": "East"
    },
    "MEM": {
      "avg_wins": 31.946,
      "avg_losses": 49.934,
      "avg_win_pct": 0.3901566522172909,
      "win_range": [
        28,
        36
      ],
      "conf": "West"
    },
    "MIA": {
      "avg_wins": 42.945,
      "avg_losses": 39.025,
      "avg_win_pct": 0.5239049574569633,
      "win_range": [
        39,
        47
      ],
      "conf": "East"
    },
    "IND": {
      "avg_wins": 20.447,
      "avg_losses": 61.513,
      "avg_win_pct": 0.2494733715150917,
      "win_range": [
        17,
        24
      ],
      "conf": "East"
    },
    "CHA": {
      "avg_wins": 40.253,
      "avg_losses": 41.709,
      "avg_win_pct": 0.4911179409005629,
      "win_range": [
        36,
        44
      ],
      "conf": "East"
    },
    "BKN": {
      "avg_wins": 20.758,
      "avg_losses": 61.18,
      "avg_win_pct": 0.25333514820117836,
      "win_range": [
        18,
        24
      ],
      "conf": "East"
    },
    "SAS": {
      "avg_wins": 58.508,
      "avg_losses": 23.434,
      "avg_win_pct": 0.7140187321023007,
      "win_range": [
        55,
        62
      ],
      "conf": "West"
    },
    "POR": {
      "avg_wins": 38.351,
      "avg_losses": 43.623,
      "avg_win_pct": 0.4678427627464534,
      "win_range": [
        35,
        42
      ],
      "conf": "West"
    },
    "MIN": {
      "avg_wins": 50.763,
      "avg_losses": 31.165,
      "avg_win_pct": 0.6196080605143507,
      "win_range": [
        47,
        54
      ],
      "conf": "West"
    },
    "BOS": {
      "avg_wins": 54.409,
      "avg_losses": 27.517,
      "avg_win_pct": 0.6641136709621144,
      "win_range": [
        51,
        58
      ],
      "conf": "East"
    },
    "NOP": {
      "avg_wins": 25.394,
      "avg_losses": 56.6,
      "avg_win_pct": 0.3097049327704815,
      "win_range": [
        22,
        29
      ],
      "conf": "West"
    },
    "ORL": {
      "avg_wins": 43.017,
      "avg_losses": 38.873,
      "avg_win_pct": 0.525295138675755,
      "win_range": [
        39,
        47
      ],
      "conf": "East"
    },
    "WAS": {
      "avg_wins": 22.497,
      "avg_losses": 59.383,
      "avg_win_pct": 0.27474540666864156,
      "win_range": [
        19,
        26
      ],
      "conf": "East"
    },
    "DET": {
      "avg_wins": 62.393,
      "avg_losses": 19.531,
      "avg_win_pct": 0.7615909956058062,
      "win_range": [
        59,
        66
      ],
      "conf": "East"
    },
    "CLE": {
      "avg_wins": 50.21,
      "avg_losses": 31.764,
      "avg_win_pct": 0.6125122692814766,
      "win_range": [
        47,
        54
      ],
      "conf": "East"
    },
    "PHI": {
      "avg_wins": 44.972,
      "avg_losses": 36.944,
      "avg_win_pct": 0.5490015515453738,
      "win_range": [
        41,
        49
      ],
      "conf": "East"
    },
    "OKC": {
      "avg_wins": 62.033,
      "avg_losses": 19.955,
      "avg_win_pct": 0.7566106707317073,
      "win_range": [
        59,
        65
      ],
      "conf": "West"
    },
    "UTA": {
      "avg_wins": 24.88,
      "avg_losses": 57.026,
      "avg_win_pct": 0.3037639358413909,
      "win_range": [
        21,
        29
      ],
      "conf": "West"
    },
    "PHX": {
      "avg_wins": 46.195,
      "avg_losses": 35.709,
      "avg_win_pct": 0.5640216734965933,
      "win_range": [
        42,
        50
      ],
      "conf": "West"
    },
    "HOU": {
      "avg_wins": 51.303,
      "avg_losses": 30.589,
      "avg_win_pct": 0.6264664785008174,
      "win_range": [
        47,
        55
      ],
      "conf": "West"
    },
    "LAC": {
      "avg_wins": 38.802,
      "avg_losses": 43.096,
      "avg_win_pct": 0.4737882610441982,
      "win_range": [
        35,
        43
      ],
      "conf": "West"
    }
  },
  "playoff_probs": {
    "GSW": 1.0,
    "TOR": 1.0,
    "DAL": 0.001,
    "CHI": 0.019,
    "LAL": 1.0,
    "ATL": 0.953,
    "MIL": 0.129,
    "DEN": 1.0,
    "SAC": 0.0,
    "NYK": 1.0,
    "MEM": 0.035,
    "MIA": 0.994,
    "IND": 0.0,
    "CHA": 0.91,
    "BKN": 0.0,
    "SAS": 1.0,
    "POR": 0.982,
    "MIN": 1.0,
    "BOS": 1.0,
    "NOP": 0.0,
    "ORL": 0.995,
    "WAS": 0.0,
    "DET": 1.0,
    "CLE": 1.0,
    "PHI": 1.0,
    "OKC": 1.0,
    "UTA": 0.0,
    "PHX": 1.0,
    "HOU": 1.0,
    "LAC": 0.982
  },
  "championship_probs": {
    "GSW": 0.001,
    "TOR": 0.003,
    "DAL": 0.0,
    "CHI": 0.0,
    "LAL": 0.011,
    "ATL": 0.0,
    "MIL": 0.0,
    "DEN": 0.01,
    "SAC": 0.0,
    "NYK": 0.033,
    "MEM": 0.0,
    "MIA": 0.001,
    "IND": 0.0,
    "CHA": 0.0,
    "BKN": 0.0,
    "SAS": 0.127,
    "POR": 0.0,
    "MIN": 0.019,
    "BOS": 0.051,
    "NOP": 0.0,
    "ORL": 0.0,
    "WAS": 0.0,
    "DET": 0.422,
    "CLE": 0.014,
    "PHI": 0.001,
    "OKC": 0.292,
    "UTA": 0.0,
    "PHX": 0.0,
    "HOU": 0.015,
    "LAC": 0.0
  },
  "seed_distributions": {
    "GSW": {
      "5": 0.002,
      "6": 0.013,
      "7": 0.088,
      "8": 0.731,
      "9": 0.134,
      "10": 0.032
    },
    "TOR": {
      "2": 0.003,
      "3": 0.045,
      "4": 0.15,
      "5": 0.588,
      "6": 0.153,
      "7": 0.046,
      "8": 0.014,
      "9": 0.001
    },
    "DAL": {
      "10": 0.001,
      "11": 0.141,
      "12": 0.682,
      "13": 0.141,
      "14": 0.035
    },
    "CHI": {
      "9": 0.002,
      "10": 0.017,
      "11": 0.178,
      "12": 0.803
    },
    "LAL": {
      "2": 0.001,
      "3": 0.066,
      "4": 0.165,
      "5": 0.261,
      "6": 0.365,
      "7": 0.136,
      "8": 0.006
    },
    "ATL": {
      "5": 0.005,
      "6": 0.02,
      "7": 0.097,
      "8": 0.18,
      "9": 0.367,
      "10": 0.284,
      "11": 0.045,
      "12": 0.002
    },
    "MIL": {
      "8": 0.006,
      "9": 0.027,
      "10": 0.096,
      "11": 0.683,
      "12": 0.188
    },
    "DEN": {
      "2": 0.001,
      "3": 0.118,
      "4": 0.219,
      "5": 0.339,
      "6": 0.241,
      "7": 0.074,
      "8": 0.008
    },
    "SAC": {
      "13": 0.002,
      "14": 0.016,
      "15": 0.982
    },
    "NYK": {
      "2": 0.184,
      "3": 0.609,
      "4": 0.172,
      "5": 0.032,