{
  "cv_accuracy": 0.530077519379845,
  "cv_accuracy_std": 0.008136211946295775,
  "cv_auc": 0.5401566042827689,
  "cv_auc_std": 0.009121117779652436,
  "n_features": 198,
  "n_training_games": 7740,
  "top_features": {
    "diff_def_rating_r5": 0.011740789716678515,
    "diff_off_rating_r5": 0.010455285247715343,
    "away_fg3_pct_r10": 0.0090320217453883,
    "diff_def_rating_r20": 0.008769114630866458,
    "diff_fga_r5": 0.00866090977696717,
    "diff_fg_pct_r20": 0.008446286904523618,
    "diff_fg3a_r20": 0.00819978770181571,
    "home_pf_r20": 0.00811906085872556,
    "away_pace_r5": 0.008087099854989592,
    "diff_ft_pct_r20": 0.008070011354109383,
    "diff_pace_r20": 0.008053339368361724,
    "diff_fg3_pct_r5": 0.007931882669833305,
    "diff_off_rating_r20": 0.007801201693162808,
    "away_pace_r20": 0.007756026930083801,
    "home_fg3_pct_r5": 0.007665107466688702
  }
}